{
  "coverage_95": 0.9722222222222222,
  "avg_width_95": 1574.3620980041885,
  "mean_winkler_95": 1877.8850821319425,
  "n_predictions": 720
}