{
  "coverage_95": 0.95,
  "avg_width_95": 1284.5176988565265,
  "mean_winkler_95": 1781.7391518220227,
  "n_predictions": 720
}